Type,Name,Request Count,Failure Count,Median Response Time,Average Response Time,Min Response Time,Max Response Time,Average Content Size,Requests/s,Failures/s,50%,66%,75%,80%,90%,95%,98%,99%,99.9%,99.99%,100%
GET,/cpu,184,69,25000,21875.120729347178,992.2726000077091,32074.121099998592,34.21195652173913,1.7259904076011787,0.647246402850442,25000,32000,32000,32000,32000,32000,32000,32000,32000,32000,32000
GET,/cpu_fixed,179,69,25000,21990.09235754206,968.4246000106214,32078.336599995964,34.96648044692738,1.6790884943511466,0.647246402850442,25000,32000,32000,32000,32000,32000,32000,32000,32000,32000,32000
,Aggregated,363,138,25000,21931.814727823465,968.4246000106214,32078.336599995964,34.58402203856749,3.4050789019523253,1.294492805700884,25000,32000,32000,32000,32000,32000,32000,32000,32000,32000,32000
